<?xml version="1.0" encoding="UTF-8"?>
<project-private xmlns="http://www.netbeans.org/ns/project-private/1">
    <editor-bookmarks xmlns="http://www.netbeans.org/ns/editor-bookmarks/2" lastBookmarkId="0"/>
    <open-files xmlns="http://www.netbeans.org/ns/projectui-open-files/2">
        <group>
            <file>file:/C:/Users/ashishgopalhattimare/Documents/NetBeansProjects/CollisionDetection/src/collisiondetection/CollisionDetection.java</file>
            <file>file:/C:/Users/ashishgopalhattimare/Documents/NetBeansProjects/CollisionDetection/src/collisiondetection/Block.java</file>
            <file>file:/C:/Users/ashishgopalhattimare/Documents/NetBeansProjects/CollisionDetection/src/collisiondetection/Animation.java</file>
        </group>
    </open-files>
</project-private>
